,Route 102,,,,,
Name,Youngster Calvin,,,,,
Pokémon,,,,,,
,Poochyena,Lillipup,Rookidee,,,
Level,5 ,6 ,6 ,,,
Held Item,,,,,,
Ability,Rattled,Vital Spirit,Keen Eye,,,
Nature,Bashful,Bashful,Bashful,,,
Moves,Bite,Tackle,Wing Attack,,,
,Quick Attack,Bite,Sand Attack,,,
,Sand Attack,Sand Attack,Swagger,,,
,,,,,,
Name,Bug Catcher Rick,,,,,
Pokémon,,,,,,
,Grubbin,Pineco,Sizzlipede,,,
Level,6 ,6 ,7 ,,,
Held Item,Oran Berry,Oran Berry,Oran Berry,,,
Ability,Swarm,Sturdy,Flash Fire,,,
Nature,Bashful,Bashful,Bashful,,,
Moves,Bug Bite,Pin Missile,Bug Bite,,,
,Spark,Iron Defense,Ember,,,
,Vise Grip,,Wrap,,,
,,,,,,
Name,Youngster Allen,,,,,
Pokémon,,,,,,
,Skiddo,Litleo,Psyduck,,,
Level,7 ,6 ,7 ,,,
Held Item,Lum Berry,Oran Berry,Oran Berry,,,
Ability,Sap Sipper,Unnerve,Swift Swim,,,
Nature,Bashful,Bashful,Bashful,,,
Moves,Vine Whip,Headbutt,Bubble Beam,,,
,Tackle,Ember,Psywave,,,
,Synthesis,Work Up,,,,
,,,,,,
Name,Lass Tiana,,,,,
Pokémon,,,,,,
,Swirlix,Spinda,,,,
Level,7 ,8 ,,,,
Held Item,Berry Juice,Berry Juice,,,,
Ability,Unburden,Own Tempo,,,,
Nature,Bashful,Bashful,,,,
Moves,Fairy Wind,Fake Out,,,,
,Metronome,Metronome,,,,
,,,,,,
,,,,,,
,Route 104,,,,,
Name,Triathlete Mikey,,,,,
Pokémon,,,,,,
,Krabby,Clobbopus,Yanma,,,
Level,9 ,9 ,9 ,,,
Held Item,Oran Berry,Oran Berry,Iron Ball,,,
Ability,Shell Armor,Limber,Speed Boost,,,
Nature,Relaxed,Jolly,Jolly,,,
Moves,Aqua Jet,Rock Smash,Acrobatics,,,
,Stomp,Bind,Sonic Boom,,,
,Mud Shot,Detect,,,,
,,,,,,
Name,Fisherman Darian,,,,,
Pokémon,,,,,,
,Magikarp,Magikarp,,,,
Level,12 ,12 ,,,,
Held Item,Choice Band,Focus Sash,,,,
Ability,Rattled,Rattled,,,,
Nature,Adamant,Hasty,,,,
Moves,Bounce,Hydro Pump,,,,
,,Tackle,,,,
,,Flail,,,,
,,,,,,
Name,Lady Cindy,,,,,
Pokémon,,,,,,
,Minccino,Jigglypuff,Phanpy,,,
Level,10 ,10 ,10 ,,,
Held Item,Oran Berry,Oran Berry,Oran Berry,,,
Ability,Cute Charm,Cute Charm,Cute Charm,,,
Nature,Modest,Bold,Jolly,,,
Moves,Swift,Round,Stomp,,,
,Attract,Draining Kiss,Attract,,,
,Thunder Wave,Attract,,,,
,,Thunder Wave,,,,
Name,Team Aqua Grunt Petalburg Woods [Boss],,,,,
Pokémon,,,,,,
,Carvanha,Croagunk,Exeggcute,,,
Level,11 ,12 ,11 ,,,
Held Item,Oran Berry,Salac Berry,Oran Berry,,,
Ability,Rough Skin,Poison Touch,Harvest,,,
Nature,Naive,Hasty,Relaxed,,,
Moves,Bite,Belch,Confusion,,,
,Water Pulse,Rock Smash,Bullet Seed,,,
,Aqua Jet,Poison Sting,Leech Seed,,,
,Poison Fang,Fake Out,Stun Spore,,,
,Route 106,,,,,
Name,Fisherman Elliot,,,,,
Pokémon,,,,,,
,Staryu,Lombre,Arrokuda,,,
Level,13 ,13 ,13 ,,,
Held Item,Mystic Water,Lum Berry,Flying Gem,,,
Ability,Natural Cure,Swift Swim,Swift Swim,,,
Nature,Timid,Timid,Adamant,,,
Moves,Water Pulse,Giga Drain,Aqua Jet,,,
,Aurora Beam,Bubble Beam,Bite,,,
,Psybeam,Seismic Toss,Peck,,,
,Shock Wave,Teeter Dance,Laser Focus,,,
Name,Ruin Maniac Georgie,,,,,
Pokémon,,,,,,
,Dwebble,Sandygast,Mawile,Munchlax,,
Level,13 ,14 ,13 ,13 ,,
Held Item,Berry Juice,Lum Berry,Leftovers,Salac Berry,,
Ability,Weak Armor,Water Compaction,Intimidate,Gluttony,,
Nature,Adamant,Lonely,Adamant,Jolly,,
Moves,Bug Bite,Bulldoze,Covet,Headbutt,,
,Rock Blast,Astonish,Metal Claw,Belly Drum,,
,Knock Off,Mega Drain,Fire Fang,,,
,Sticky Web,Hypnosis,,,,
,Route 109,,,,,
Name,Tuber Chandler,,,,,
Pokémon,,,,,,
,Smoochum,Elekid,Magby,,,
Level,14 ,14 ,14 ,,,
Held Item,Never-Melt Ice,Magnet,Charcoal,,,
Ability,Hydration,Vital Spirit,Flame Body,,,
Nature,Timid,Naive,Naive,,,
Moves,Aurora Beam,Shock Wave,Incinerate,,,
,Psybeam,Fire Punch,Brick Break,,,
,Lovely Kiss,Ice Punch,Mach Punch,,,
,,Quick Attack,Confuse Ray,,,
Name,Tuber Lola,,,,,
Pokémon,,,,,,
,Fletchinder,Herdier,,,,
Level,14 ,14 ,,,,
Held Item,Lum Berry,Lum Berry,,,,
Ability,Flame Body,Intimidate,,,,
Nature,Jolly,Jolly,,,,
Moves,Aerial Ace,Headbutt,,,,
,Flame Charge,Bite,,,,
,Steel Wing,Ice Fang,,,,
,,Rock Smash,,,,
Name,Sailor Edmond,,,,,
Pokémon,,,,,,
,Wingull,Buizel,Palpitoad,,,
Level,13 ,15 ,14 ,,,
Held Item,Oran Berry,Rindo Berry,Lum Berry,,,
Ability,Hydration,Swift Swim,Swift Swim,,,
Nature,Timid,Rash,Modest,,,
Moves,Water Pulse,Water Pulse,Bubble Beam,,,
,Air Cutter,Aqua Jet,Mud Shot,,,
,Shock Wave,Pursuit,Sludge,,,
,Rain Dance,Sonic Boom,Rain Dance,,,
Name,Fisherman Bill,,,,,
Pokémon,,,,,,
,Caterpie,Weedle,Wurmple,Scatterbug,Blipbug,
Level,15 ,16 ,15 ,16 ,16 ,
Held Item,Choice Band,Choice Band,Choice Band,Choice Band,Choice Specs,
Ability,Shield Dust,Shield Dust,Shield Dust,Shield Dust,Swarm,
Nature,Adamant,Adamant,Adamant,Adamant,Modest,
Moves,Bug Bite,Bug Bite,Bug Bite,Bug Bite,Struggle Bug,
,,,,,,
,,,,,,
,,,,,,
Name,Tuber Ricky,,,,,
Pokémon,,,,,,
,Aipom,Nidorino,Luxio,,,
Level,14 ,15 ,14 ,,,
Held Item,Silk Scarf,Black Sludge,Lum Berry,,,
Ability,Run Away,Poison Point,Intimidate,,,
Nature,Jolly,Jolly,Jolly,,,
Moves,Double Hit,Venoshock,Spark,,,
,Fake Out,Poison Tail,Double Kick,,,
,Aerial Ace,Double Kick,Bite,,,
,Sand Attack,Sand Attack,Howl,,,
Name,Tuber Hailey,,,,,
Pokémon,,,,,,
,Mienfoo,Nidorina,Flaaffy,,,
Level,14 ,15 ,14 ,,,
Held Item,Black Belt,Lum Berry,Magnet,,,
Ability,Inner Focus,Poison Point,Static,,,
Nature,Jolly,Timid,Relaxed,,,
Moves,Force Palm,Venoshock,Shock Wave,,,
,Reversal,Water Pulse,Fire Punch,,,
,Rock Tomb,Shock Wave,Confuse Ray,,,
,Helping Hand,Toxic,Thunder Wave,,,
,Route 110,,,,,
Name,Camper Gavi [Optional],,,,,
Pokémon,,,,,,
,Bibarel,Ponyta,Eelektrik,Sunflora,Dustox,
Level,16 ,17 ,17 ,16 ,17 ,
Held Item,Lum Berry,Sitrus Berry,Sitrus Berry,Lum Berry,Black Sludge,
Ability,Unaware,Flame Body,Levitate,Chlorophyll,Shield Dust,
Nature,Jolly,Jolly,Timid,Bold,Bold,
Moves,Headbutt,Flame Wheel,Shock Wave,Energy Ball,Venoshock,
,Aqua Jet,Play Rough,Mega Drain,Sludge Bomb,Infestation,
,Pluck,Double Kick,Super Fang,Leech Seed,Roost,
,Super Fang,,Toxic,Grass Whistle,Toxic,
,Slateport Museum,,,,,
Name,Team Aqua Grunt Museum #1 [Boss],,,,,
Pokémon,,,,,,
,Murkrow,Skrelp,Tirtouga,,,
Level,15 ,16 ,16 ,,,
Held Item,Lum Berry,Black Sludge,Rindo Berry,,,
Ability,Insomnia,Poison Point,Solid Rock,,,
Nature,Jolly,Timid,Sassy,,,
Moves,Wing Attack,Water Pulse,Ancient Power,,,
,Payback,Acid,Brine,,,
,Night Shade,Protect,Aqua Jet,,,
,,Toxic,Mud Shot,,,
Name,Team Aqua Grunt Museum #2 [Boss],,,,,
Pokémon,,,,,,
,Mareanie,Frillish,Whirlipede,,,
Level,16 ,15 ,16 ,,,
Held Item,Black Sludge,Lum Berry,Rocky Helmet,,,
Ability,Merciless,Cursed Body,Speed Boost,,,
Nature,Calm,Bold,Sassy,,,
Moves,Venoshock,Hex,Venoshock,,,
,Baneful Bunker,Water Pulse,Poison Tail,,,
,Soak,Shock Wave,Pin Missile,,,
,Toxic,Recover,Rollout,,,
,Dewford Gym,,,,,
Name,Battle Girl Laura,,,,,
Pokémon,,,,,,
,Riolu,Stufful,Mankey,,,
Level,18 ,17 ,17 ,,,
Held Item,Eviolite,Sitrus Berry,Lum Berry,,,
Ability,Inner Focus,Fluffy,Defiant,,,
Nature,Jolly,Careful,Jolly,,,
Moves,Force Palm,Body Slam,Outrage,,,
,Body Slam,Force Palm,Thrash,,,
,,Bulk Up,Stomping Tantrum,,,
,,,Smelling Salts,,,
Name,Sailor Brenden,,,,,
Pokémon,,,,,,
,Farfetch’d-Galar,Heracross,,,,
Level,18 ,19 ,,,,
Held Item,Sitrus Berry,Lum Berry,,,,
Ability,Inner Focus,Swarm,,,,
Nature,Adamant,Jolly,,,,
Moves,Rock Smash,Pin Missile,,,,
,Knock Off,Rock Smash,,,,
,Dual Wingbeat,,,,,
,Quick Attack,,,,,
Name,Battle Girl Lilith,,,,,
Pokémon,,,,,,
,Makuhita,Mankey,Ledian,,,
Level,18 ,19 ,19 ,,,
Held Item,Flame Orb,Focus Sash,Muscle Band,,,
Ability,Guts,Defiant,Iron Fist,,,
Nature,Adamant,Jolly,Adamant,,,
Moves,Arm Thrust,Power-Up Punch,Drain Punch,,,
,Rock Throw,Reversal,Thunder Punch,,,
,Bullet Punch,,Ice Punch,,,
,Fake Out,,Mach Punch,,,
Name,Black Belt Cristian,,,,,
Pokémon,,,,,,
,Meditite,Machoke,Gurdurr,,,
Level,19 ,18 ,18 ,,,
Held Item,Coba Berry,Leftovers,Black Belt,,,
Ability,Pure Power,Guts,Guts,,,
Nature,Jolly,Careful,Jolly,,,
Moves,Brick Break,Vital Throw,Low Sweep,,,
,Rock Throw,Facade,Mach Punch,,,
,Fake Out,Bulk Up,Bulldoze,,,
,Detect,Protect,Rock Throw,,,
Name,Black Belt Takao,,,,,
Pokémon,,,,,,
,Breloom,Mienfoo,Buneary,,,
Level,19 ,18 ,19 ,,,
Held Item,Toxic Orb,Black Belt,Wide Lens,,,
Ability,Poison Heal,Inner Focus,Cute Charm,,,
Nature,Jolly,Jolly,Jolly,,,
Moves,Wake-Up Slap,Drain Punch,Fake Out,,,
,Bullet Seed,Rock Slide,Jump Kick,,,
,Mach Punch,Fake Out,Triple Axel,,,
,Spore,Detect,,,,
Name,Battle Girl Jocelyn,,,,,
Pokémon,,,,,,
,Kecleon,Golett,Pignite,Hakamo-o,,
Level,17 ,19 ,18 ,18 ,,
Held Item,Lum Berry,Eviolite,Lum Berry,Sitrus Berry,,
Ability,Protean,Iron Fist,Blaze,Overcoat,,
Nature,Impish,Adamant,Quiet,Sassy,,
Moves,Drain Punch,Shadow Punch,Incinerate,Dragon Breath,,
,Dizzy Punch,Mega Punch,Flame Charge,Dragon Tail,,
,Shadow Punch,Drain Punch,Arm Thrust,Iron Defense,,
,Thunder Wave,,Take Down,Protect,,
Name,Leader Brawly [Boss],,,,,
Pokémon,,,,,,
,Kubfu,Lopunny,Combusken,Hitmontop,Poliwhirl,Scraggy
Level,20 ,19 ,20 ,20 ,19 ,21 
Held Item,Iapapa Berry,Eject Button,Lum Berry,Protective Pads,Expert Belt,Eviolite
Ability,Inner Focus,Limber,Speed Boost,Technician,Water Absorb,Shed Skin
Nature,Jolly,Jolly,Naughty,Adamant,Mild,Impish
Moves,Brick Break,Retaliate,Double Kick,Mach Punch,Bubble Beam,Feint Attack
,Mega Punch,Headbutt,Incinerate,Rock Slide,Ice Beam,Power-Up Punch
,Zen Headbutt,Drain Punch,Thunder Punch,Fake Out,Hidden Power Grass,Rock Tomb
,Sucker Punch,,Work Up,Pursuit,Superpower,Rest