,Mossdeep Space Center,,,,,
Name,Team Magma Grunt Space Center #1,,,,,
Pokémon,,,,,,
,Steelix,Appletun,Zebstrika,Corviknight,Simisear,
Level,84 ,83 ,84 ,84 ,85 ,
Held Item,Bright Powder,Lum Berry,Focus Band,Weakness Policy,Focus Band,
Ability,Sturdy,Thick Fat,Sap Sipper,Unnerve,Blaze,
Nature,Brave,Modest,Naive,Careful,Timid,
Moves,Earthquake,Dragon Pulse,Zing Zap,Body Press,Flamethrower,
,Gyro Ball,Apple Acid,Overheat,Power Trip,Hidden Power Ice,
,Explosion,Leech Seed,High Horsepower,Iron Defense,Grass Knot,
,Stealth Rock,Recover,Low Kick,Agility,Nasty Plot,
Name,Team Magma Grunt Space Center #2,,,,,
Pokémon,,,,,,
,Scrafty,Duraludon,Exeggutor,Aerodactyl,Darmanitan,Weavile
Level,85 ,84 ,85 ,84 ,86 ,86 
Held Item,Assault Vest,Iapapa Berry,Quick Claw,Scope Lens,Life Orb,Bright Powder
Ability,Intimidate,Heavy Metal,Chlorophyll,Unnerve,Sheer Force,Inner Focus
Nature,Adamant,Relaxed,Quiet,Jolly,Jolly,Jolly
Moves,Close Combat,Draco Meteor,Psychic,Stone Edge,Flare Blitz,Night Slash
,Knock Off,Heavy Slam,Grass Knot,Dual Wingbeat,Earthquake,Ice Shard
,Stone Edge,Body Press,Explosion,Earthquake,Rock Slide,Low Kick
,Counter,Stealth Rock,Sleep Powder,Dragon Dance,Reversal,Swords Dance
Name,Team Magma Grunt Space Center #3,,,,,
Pokémon,,,,,,
,Diggersby,Silvally-Grass,Ribombee,Arcanine,Klinklang,
Level,85 ,85 ,85 ,86 ,86 ,
Held Item,Quick Claw,Grass Memory,Focus Band,Bright Powder,Choice Band,
Ability,Huge Power,RKS System,Shield Dust,Intimidate,Clear Body,
Nature,Adamant,Naive,Modest,Jolly,Jolly,
Moves,Double-Edge,Multi-Attack,Moonblast,Flare Blitz,Gear Grind,
,Earthquake,Flamethrower,Bug Buzz,Close Combat,,
,Fire Punch,Ice Beam,Hidden Power Fire,Wild Charge,,
,Knock Off,Imprison,Quiver Dance,Extreme Speed,,
Name,Magma Admin Courtney,,,,,
Pokémon,,,,,,
,Shaymin,Dugtrio,Tyrantrum,Xurkitree,Buzzwole,Charizard-Mega-X
Level,87 ,86 ,86 ,87 ,87 ,87 
Held Item,Life Orb,Ground Gem,Focus Sash,Leftovers,Assault Vest,Charizardite X
Ability,Natural Cure,Arena Trap,Rock Head,Beast Boost,Beast Boost,Tough Claws
Nature,Timid,Jolly,Adamant,Timid,Jolly,Jolly
Moves,Seed Flare,Earthquake,Head Smash,Thunderbolt,Leech Life,Flare Blitz
,Earth Power,Final Gambit,Scale Shot,Grass Knot,Drain Punch,Dragon Claw
,Hidden Power Ice,Memento,Close Combat,Hypnosis,Stone Edge,Dragon Dance
,Grass Whistle,Stealth Rock,Rock Polish,Substitute,Ice Punch,Roost
Name,Team Magma Grunt Space Center #5,,,,,
Pokémon,,,,,,
,Armaldo,Rotom-Heat,,,,
Level,84 ,85 ,,,,
Held Item,Bright Powder,White Herb,,,,
Ability,Battle Armor,Levitate,,,,
Nature,Adamant,Timid,,,,
Moves,Leech Life,Overheat,,,,
,Rock Blast,Thunderbolt,,,,
,Earthquake,Will-O-Wisp,,,,
,Swords Dance,Thunder Wave,,,,
Name,Team Magma Grunt Space Center #6,,,,,
Pokémon,,,,,,
,Machamp,Talonflame,,,,
Level,85 ,85 ,,,,
Held Item,Quick Claw,Flying Gem,,,,
Ability,No Guard,Flame Body,,,,
Nature,Adamant,Jolly,,,,
Moves,Dynamic Punch,Flare Blitz,,,,
,Stone Edge,Acrobatics,,,,
,Knock Off,Swords Dance,,,,
,Bulk Up,Will-O-Wisp,,,,
Name,Team Magma Grunt Space Center #7,,,,,
Pokémon,,,,,,
,Bisharp,Weezing-Galar,Guzzlord,,,
Level,85 ,85 ,86 ,,,
Held Item,Lum Berry,Black Sludge,Focus Band,,,
Ability,Defiant,Levitate,Beast Boost,,,
Nature,Jolly,Timid,Adamant,,,
Moves,Iron Head,Sludge Bomb,Dragon Rush,,,
,Pursuit,Flamethrower,Knock Off,,,
,Psycho Cut,Protect,Heavy Slam,,,
,Low Kick,Will-O-Wisp,Earthquake,,,
Name,Magma Leader Maxie & Magma Admin Tabitha [Tag Battle] [Boss],,,,,
Pokémon,,,,,,
,Landorus,Heatran,Garchomp-Mega,Tyranitar-Mega,Ferrothorn,Moltres
Level,88 ,88 ,89 ,89 ,88 ,88 
Held Item,Life Orb,Air Balloon,Garchompite,Tyranitarite,Rocky Helmet,Fire Gem
Ability,Sheer Force,Flash Fire,Sand Force,Sand Stream,Iron Barbs,Flame Body
Nature,Timid,Timid,Jolly,Adamant,Impish,Timid
Moves,Earth Power,Magma Storm,High Horsepower,Crunch,Power Whip,Burn Up
,Psychic,Heat Wave,Scale Shot,Low Kick,Body Press,Hurricane
,Weather Ball,Flash Cannon,Stone Edge,Heavy Slam,Knock Off,Detect
,Protect,Earth Power,Protect,Taunt,Leech Seed,Tailwind
Name,Trainer Steven [Tag Partner],,,,,
Pokémon,,,,,,
,Dialga,Metagross,Steelix-Mega,,,
Level,90 ,89 ,90 ,,,
Held Item,Dragon Gem,Life Orb,Steelixite,,,
Ability,Telepathy,Clear Body,Sand Force,,,
Nature,Quiet,Brave,Brave,,,
Moves,Dragon Pulse,Meteor Mash,High Horsepower,,,
,Flamethrower,Hammer Arm,Heavy Slam,,,
,Aura Sphere,Ice Punch,Body Press,,,
,Trick Room,Trick Room,Rock Slide,,,
,Route 124,,,,,
Name,Sis And Bro Lila And Roy [Double],,,,,
Pokémon,,,,,,
,Ludicolo,Starmie,Dragonite,Stoutland,Lanturn,Blastoise
Level,86 ,86 ,85 ,86 ,86 ,87 
Held Item,Focus Sash,Life Orb,Lum Berry,Normal Gem,Life Orb,Lum Berry
Ability,Own Tempo,Analytic,Inner Focus,Scrappy,Volt Absorb,Torrent
Nature,Timid,Timid,Jolly,Jolly,Modest,Timid
Moves,Energy Ball,Hydro Pump,Dragon Rush,Last Resort,Hydro Pump,Muddy Water
,Scald,Blizzard,Dual Wingbeat,Retaliate,Thunder,Focus Blast
,Icy Wind,Thunder,Aqua Tail,,Ice Beam,Icy Wind
,Fake Out,Grass Knot,Thunder Wave,,Protect,Fake Out
,Route 126,,,,,
Name,Swimmer♂ Dean,,,,,
Pokémon,,,,,,
,Crustle,Turtonator,Polteageist,Minior,Shuckle,Smeargle
Level,86 ,86 ,86 ,86 ,86 ,87 
Held Item,White Herb,White Herb,White Herb,Flying Gem,Leftovers,Focus Sash
Ability,Sturdy,Shell Armor,Cursed Body,Shields Down,Contrary,Moody
Nature,Jolly,Timid,Timid,Jolly,Relaxed,Timid
Moves,Stone Edge,Flamethrower,Shadow Ball,Stone Edge,Infestation,Boomburst
,Leech Life,Dragon Pulse,Giga Drain,Acrobatics,Knock Off,Dark Pulse
,Earthquake,Scorching Sands,Stored Power,Earthquake,Rest,Shell Smash
,Shell Smash,Shell Smash,Shell Smash,Shell Smash,Shell Smash,Spore
Name,Swimmer♀ Sienna [Optional],,,,,
Pokémon,,,,,,
,Sharpedo,Gyarados,,,,
Level,75 ,75 ,,,,
Held Item,,,,,,
Ability,Rough Skin,Intimidate,,,,
Nature,Bashful,Bashful,,,,
Moves,,,,,,
,,,,,,
,,,,,,
,,,,,,
Name,Swimmer♂ Leonardo [Optional],,,,,
Pokémon,,,,,,
,Kingdra,Starmie,,,,
Level,75 ,75 ,,,,
Held Item,,,,,,
Ability,Swift Swim,Natural Cure,,,,
Nature,Bashful,Bashful,,,,
Moves,,,,,,
,,,,,,
,,,,,,
,,,,,,
Name,Triathlete Isobel [Optional],,,,,
Pokémon,,,,,,
,Cradily,Aerodactyl,,,,
Level,75 ,75 ,,,,
Held Item,,,,,,
Ability,Suction Cups,Rock Head,,,,
Nature,Bashful,Bashful,,,,
Moves,,,,,,
,,,,,,
,,,,,,
,,,,,,
Name,Swimmer♀ Brenda [Optional],,,,,
Pokémon,,,,,,
,Golduck,Milotic,,,,
Level,75 ,75 ,,,,
Held Item,,,,,,
Ability,Swift Swim,Marvel Scale,,,,
Nature,Bashful,Bashful,,,,
Moves,,,,,,
,,,,,,
,,,,,,
,,,,,,
Name,Swimmer♀ Nikki [Optional],,,,,
Pokémon,,,,,,
,Gorebyss,Huntail,,,,
Level,75 ,75 ,,,,
Held Item,,,,,,
Ability,Swift Swim,Swift Swim,,,,
Nature,Bashful,Bashful,,,,
Moves,,,,,,
,,,,,,
,,,,,,
,,,,,,
Name,Swimmer♂ Barry [Optional],,,,,
Pokémon,,,,,,
,Gastrodon,Masquerain,Floatzel,,,
Level,75 ,75 ,75 ,,,
Held Item,,,,,,
Ability,Sticky Hold,Intimidate,Swift Swim,,,
Nature,Bashful,Bashful,Bashful,,,
Moves,,,,,,
,,,,,,
,,,,,,
,,,,,,
Name,Triathlete Pablo,,,,,
Pokémon,,,,,,
,Crustle,Tyranitar,Sneasler,Delphox,Kingdra,Aerodactyl-Mega
Level,89 ,89 ,89 ,89 ,89 ,90 
Held Item,Red Card,Choice Band,Life Orb,Focus Sash,Leftovers,Aerodactylite
Ability,Sturdy,Sand Stream,Inner Focus,Magic Guard,Sniper,Tough Claws
Nature,Jolly,Jolly,Jolly,Timid,Jolly,Jolly
Moves,Stone Edge,Stone Edge,Close Combat,Overheat,Outrage,Stone Edge
,Earthquake,Crunch,Gunk Shot,Psychic,Waterfall,Dual Wingbeat
,Shell Smash,Pursuit,Knock Off,Laser Focus,Facade,Earthquake
,Stealth Rock,Heavy Slam,Swords Dance,Hypnosis,Dragon Dance,Hone Claws
,Route 127,,,,,
Name,Bird Keeper Camden & Battle Girl Donny [Double],,,,,
Pokémon,,,,,,
,Staraptor,Vikavolt,Hydreigon,Lucario,Toxicroak,Infernape
Level,86 ,86 ,85 ,86 ,87 ,87 
Held Item,Focus Sash,Lum Berry,Dark Gem,Life Orb,Black Sludge,Focus Sash
Ability,Intimidate,Levitate,Levitate,Inner Focus,Dry Skin,Blaze
Nature,Jolly,Modest,Timid,Timid,Timid,Hasty
Moves,Return,Thunderbolt,Dragon Pulse,Aura Sphere,Sludge Bomb,Close Combat
,Dual Wingbeat,Bug Buzz,Dark Pulse,Flash Cannon,Aura Sphere,Overheat
,Endeavor,Electroweb,Aura Sphere,Dark Pulse,Fake Out,Poison Jab
,Tailwind,Roost,Roost,Detect,Detect,Fake Out
Name,Bird Keeper Aidan & Cool Trainer Athena [Double],,,,,
Pokémon,,,,,,
,Bruxish,Samurott-Hisui,Hitmonlee,Incineroar,Pinsir-Mega,Cinderace
Level,89 ,89 ,89 ,89 ,90 ,89 
Held Item,Assault Vest,Life Orb,Normal Gem,Iapapa Berry,Pinsirite,Focus Sash
Ability,Dazzling,Torrent,Unburden,Intimidate,Aerilate,Libero
Nature,Jolly,Naive,Adamant,Jolly,Jolly,Jolly
Moves,Liquidation,Liquidation,Close Combat,Flare Blitz,Close Combat,Pyro Ball
,Psychic Fangs,Crunch,Retaliate,Throat Chop,Return,Gunk Shot
,Icy Wind,Sucker Punch,Acrobatics,Low Kick,Feint,Zen Headbutt
,Super Fang,Grass Knot,Fake Out,Fake Out,Swords Dance,Coaching
Name,Fisherman Roger & Black Belt Koji [Double],,,,,
Pokémon,,,,,,
,Banette-Mega,Grimmsnarl,Spiritomb,Ursaluna,Corviknight,Haxorus
Level,90 ,89 ,89 ,89 ,89 ,89 
Held Item,Banettite,Lum Berry,Leftovers,Leftovers,Weakness Policy,Dragon Gem
Ability,Prankster,Prankster,Pressure,Unnerve,Unnerve,Unnerve
Nature,Jolly,Impish,Bold,Careful,Careful,Jolly
Moves,Shadow Claw,Foul Play,Foul Play,High Horsepower,Dual Wingbeat,Dual Chop
,Foul Play,Fake Out,Hex,Body Slam,Body Press,Earthquake
,Swagger,Swagger,Psychic,Body Press,Bulk Up,Aqua Tail
,Thunder Wave,Thunder Wave,Hypnosis,Bulk Up,Roost,Swords Dance
Name,Fisherman Jonah [Optional],,,,,
Pokémon,,,,,,
,Ludicolo,Barraskewda,Lumineon,,,
Level,75 ,75 ,75 ,,,
Held Item,,,,,,
Ability,Swift Swim,Swift Swim,Swift Swim,,,
Nature,Bashful,Bashful,Bashful,,,
Moves,,,,,,
,,,,,,
,,,,,,
,,,,,,
Name,Fisherman Henry [Optional],,,,,
Pokémon,,,,,,
,Dhelmise,Stunfisk,,,,
Level,75 ,75 ,,,,
Held Item,,,,,,
Ability,Steelworker,Static,,,,
Nature,Bashful,Bashful,,,,
Moves,,,,,,
,,,,,,
,,,,,,
,,,,,,
,Route 128,,,,,
Name,Swimmer♀ Carlee & Swimmer♂ Harrison [Double],,,,,
Pokémon,,,,,,
,Samurott-Hisui,Decidueye-Hisui,Typhlosion-Hisui,Alakazam,Lapras,Volcarona
Level,90 ,90 ,90 ,90 ,91 ,90 
Held Item,Assault Vest,Fighting Gem,Fire Gem,Focus Sash,Leftovers,Charti Berry
Ability,Torrent,Scrappy,Blaze,Inner Focus,Water Absorb,Flame Body
Nature,Timid,Jolly,Timid,Timid,Timid,Timid
Moves,Hydro Pump,Close Combat,Fire Blast,Psychic,Blizzard,Heat Wave
,Dark Pulse,Leaf Blade,Heat Wave,Focus Blast,Scald,Bug Buzz
,Icy Wind,Knock Off,Shadow Ball,Light Screen,Freeze-Dry,Giga Drain
,Grass Knot,Tailwind,Protect,Reflect,Sheer Cold,Quiver Dance
Name,Cool Trainer Alexa [Optional],,,,,
Pokémon,,,,,,
,Florges,Ferrothorn,Araquanid,,,
Level,75 ,75 ,75 ,,,
Held Item,,,,,,
Ability,Flower Veil,Anticipation,Water Bubble,,,
Nature,Bashful,Bashful,Bashful,,,
Moves,,,,,,
,,,,,,
,,,,,,
,,,,,,
Name,Cool Trainer Ruben [Optional],,,,,
Pokémon,,,,,,
,Durant,Sceptile,,,,
Level,75 ,75 ,,,,
Held Item,,,,,,
Ability,Swarm,Overgrow,,,,
Nature,Bashful,Bashful,,,,
Moves,,,,,,
,,,,,,
,,,,,,
,,,,,,
Name,Triathlete Katelyn [Optional],,,,,
Pokémon,,,,,,
,Relicanth,Tentacruel,,,,
Level,75 ,75 ,,,,
Held Item,,,,,,
Ability,Swift Swim,Clear Body,,,,
Nature,Bashful,Bashful,,,,
Moves,,,,,,
,,,,,,
,,,,,,
,,,,,,
Name,Fisherman Wayne [Optional],,,,,
Pokémon,,,,,,
,Qwilfish,Swampert,Crawdaunt,,,
Level,75 ,75 ,75 ,,,
Held Item,,,,,,
Ability,Intimidate,Torrent,Hyper Cutter,,,
Nature,Bashful,Bashful,Bashful,,,
Moves,,,,,,
,,,,,,
,,,,,,
,,,,,,
Name,Triathlete Isaiah [Optional],,,,,
Pokémon,,,,,,
,Clawitzer,Eelektross,,,,
Level,75 ,75 ,,,,
Held Item,,,,,,
Ability,Mega Launcher,Levitate,,,,
Nature,Bashful,Bashful,,,,
Moves,,,,,,
,,,,,,
,,,,,,
,,,,,,
,Seafloor Cavern,,,,,
Name,Team Aqua Grunt Seafloor Cavern #1,,,,,
Pokémon,,,,,,
,Kingdra,Exeggutor-Alola,Honchkrow,Magnezone,Crobat,Gorebyss
Level,85 ,86 ,86 ,86 ,86 ,87 
Held Item,Scope Lens,Quick Claw,Scope Lens,Assault Vest,Life Orb,White Herb
Ability,Sniper,Harvest,Super Luck,Magnet Pull,Inner Focus,Swift Swim
Nature,Modest,Adamant,Jolly,Timid,Timid,Timid
Moves,Draco Meteor,Wood Hammer,Brave Bird,Thunder,Sludge Wave,Surf
,Octazooka,Explosion,Night Slash,Flash Cannon,Air Slash,Ice Beam
,Agility,Knock Off,Superpower,Hidden Power Grass,Giga Drain,Psychic
,Focus Energy,Low Kick,Substitute,Mirror Coat,Nasty Plot,Shell Smash
Name,Team Aqua Grunt Seafloor Cavern #2,,,,,
Pokémon,,,,,,
,Swampert,Gyarados,Haxorus,Muk-Alola,Roserade,Bruxish
Level,87 ,85 ,86 ,86 ,86 ,88 
Held Item,Rindo Berry,Wacan Berry,Lum Berry,Bright Powder,Bright Powder,Life Orb
Ability,Torrent,Intimidate,Mold Breaker,Poison Touch,Technician,Dazzling
Nature,Adamant,Jolly,Jolly,Adamant,Timid,Jolly
Moves,Earthquake,Waterfall,Outrage,Poison Jab,Energy Ball,Aqua Tail
,Liquidation,Earthquake,Iron Tail,Knock Off,Sludge Bomb,Psychic Fangs
,Avalanche,Ice Fang,Aqua Tail,Explosion,Hidden Power Fire,Aqua Jet
,Stealth Rock,Dragon Dance,Dragon Dance,Focus Punch,Sleep Powder,Crunch
Name,Team Aqua Grunt Seafloor Cavern #3,,,,,
Pokémon,,,,,,
,Cloyster,Malamar,Aerodactyl,Froslass,Crawdaunt,
Level,87 ,86 ,86 ,86 ,87 ,
Held Item,Bright Powder,Assault Vest,Choice Band,Bright Powder,Life Orb,
Ability,Overcoat,Contrary,Unnerve,Cursed Body,Adaptability,
Nature,Sassy,Careful,Jolly,Timid,Jolly,
Moves,Hydro Pump,Night Slash,Stone Edge,Freeze-Dry,Crabhammer,
,Explosion,Psycho Cut,Dual Wingbeat,Hex,Knock Off,
,Toxic Spikes,Superpower,Aqua Tail,Nasty Plot,Aqua Jet,
,Shell Smash,Facade,Pursuit,Sing,Swords Dance,
Name,Team Aqua Grunt Seafloor Cavern #4,,,,,
Pokémon,,,,,,
,Scolipede,Drednaw,Dhelmise,Huntail,,
Level,87 ,86 ,87 ,87 ,,
Held Item,Lum Berry,Leftovers,Quick Claw,White Herb,,
Ability,Speed Boost,Strong Jaw,Steelworker,Water Veil,,
Nature,Jolly,Jolly,Adamant,Jolly,,
Moves,Megahorn,Liquidation,Power Whip,Liquidation,,
,Aqua Tail,Stone Edge,Poltergeist,Crunch,,
,Baton Pass,Jaw Lock,Anchor Shot,Ice Fang,,
,Swords Dance,Stealth Rock,Synthesis,Shell Smash,,
Name,Team Aqua Grunt Seafloor Cavern #5,,,,,
Pokémon,,,,,,
,Ferrothorn,Sharpedo,Metagross,Zoroark,Salamence,Toxicroak
Level,87 ,88 ,87 ,87 ,87 ,87 
Held Item,Quick Claw,Bright Powder,Weakness Policy,Lum Berry,Life Orb,Focus Sash
Ability,Iron Barbs,Speed Boost,Clear Body,Illusion,Intimidate,Dry Skin
Nature,Brave,Rash,Careful,Timid,Naive,Timid
Moves,Gyro Ball,Hydro Pump,Meteor Mash,Night Daze,Draco Meteor,Sludge Bomb
,Explosion,Dark Pulse,Earthquake,Aura Sphere,Dual Wingbeat,Vacuum Wave
,Spikes,Psychic Fangs,Thunder Punch,Extrasensory,Earthquake,Dark Pulse
,Stealth Rock,Protect,Agility,Nasty Plot,Dragon Dance,Nasty Plot
Name,Aqua Admin Shelly,,,,,
Pokémon,,,,,,
,Tapu Fini,Hawlucha,Gengar,Darmanitan-Galar,Kyurem,Slowbro-Mega
Level,89 ,88 ,88 ,88 ,89 ,90 
Held Item,Leftovers,Misty Seed,Focus Sash,Choice Band,Leftovers,Slowbronite
Ability,Misty Surge,Unburden,Levitate,Gorilla Tactics,Pressure,Shell Armor
Nature,Timid,Adamant,Timid,Jolly,Timid,Calm
Moves,Surf,Close Combat,Sludge Wave,Icicle Crash,Ice Beam,Psychic
,Moonblast,Acrobatics,Shadow Ball,U-turn,Freeze-Dry,Surf
,Nature's Madness,Stone Edge,Destiny Bond,,Earth Power,Calm Mind
,Taunt,Swords Dance,Mean Look,,Roost,Slack Off
Name,Aqua Leader Archie [Boss],,,,,
Pokémon,,,,,,
,Kyogre,Overqwil,Serperior,Aegislash,Zapdos,Swampert-Mega
Level,90 ,89 ,89 ,89 ,90 ,90 
Held Item,Custap Berry,Life Orb,Leftovers,Weakness Policy,Iapapa Berry,Swampertite
Ability,Drizzle,Swift Swim,Contrary,Stance Change,Static,Swift Swim
Nature,Hasty,Adamant,Timid,Timid,Timid,Jolly
Moves,Origin Pulse,Gunk Shot,Leaf Storm,Flash Cannon,Hurricane,Earthquake
,Liquidation,Throat Chop,Glare,Shadow Ball,Thunder,Liquidation
,Thunder,Waterfall,Leech Seed,Autotomize,Weather Ball,Ice Punch
,Ice Beam,Swords Dance,Substitute,King's Shield,Roost,Power-Up Punch
,Route 129 [Erratic Weather],,,,,
Name,Swimmer♂ Reed,,,,,
Pokémon,,,,,,
,Stunfisk,Greninja,Cloyster,Archeops,Arcanine,Jolteon
Level,89 ,88 ,88 ,87 ,87 ,87 
Held Item,Shuca Berry,Focus Sash,White Herb,Power Herb,Leftovers,Life Orb
Ability,Static,Protean,Skill Link,Defeatist,Intimidate,Volt Absorb
Nature,Modest,Naive,Naive,Timid,Timid,Timid
Moves,Earth Power,Dark Pulse,Icicle Spear,Meteor Beam,Flamethrower,Thunderbolt
,Discharge,Gunk Shot,Weather Ball,Air Slash,Solar Beam,Volt Switch
,Foul Play,Hidden Power Fire,Rock Blast,Heat Wave,Scorching Sands,Hidden Power Grass
,Stealth Rock,Spikes,Shell Smash,Endeavor,Roar,Weather Ball
Name,Triathlete Chase & Triathlete Allison [Double],,,,,
Pokémon,,,,,,
,Coalossal,Heliolisk,Lapras,Bruxish,Toucannon,Nidoking
Level,88 ,87 ,88 ,88 ,88 ,88 
Held Item,Weakness Policy,Life Orb,Ice Gem,Light Clay,Life Orb,Focus Sash
Ability,Steam Engine,Solar Power,Shell Armor,Dazzling,Sheer Force,Sheer Force
Nature,Rash,Timid,Timid,Jolly,Hasty,Timid
Moves,Burn Up,Thunderbolt,Ice Beam,Psychic Fangs,Brave Bird,Sludge Bomb
,Stone Edge,Dragon Pulse,Freeze-Dry,Aqua Jet,Heat Wave,Earth Power
,Heat Wave,Weather Ball,Solar Beam,Light Screen,Bullet Seed,Flamethrower
,Solar Beam,Grass Knot,Weather Ball,Reflect,Tailwind,Thunderbolt
Name,Swimmer♀ Tisha,,,,,
Pokémon,,,,,,
,Copperajah,Vaporeon,Comfey,Falinks,Beartic,Poliwrath
Level,87 ,88 ,88 ,88 ,87 ,88 
Held Item,Focus Sash,Leftovers,Pixie Plate,Lum Berry,Life Orb,Sitrus Berry
Ability,Heavy Metal,Hydration,Triage,Defiant,Swift Swim,Swift Swim
Nature,Adamant,Timid,Modest,Jolly,Jolly,Jolly
Moves,Heavy Slam,Scald,Dazzling Gleam,Close Combat,Icicle Crash,Liquidation
,Power Whip,Acid Armor,Draining Kiss,Poison Jab,Liquidation,Drain Punch
,Earthquake,Baton Pass,Calm Mind,Throat Chop,Body Press,Belly Drum
,Stealth Rock,Rest,Leech Seed,No Retreat,Throat Chop,Hypnosis
Name,Swimmer♂ Clarence,,,,,
Pokémon,,,,,,
,Dragonite,Magnezone,Jynx,Armaldo,Tentacruel,Seismitoad
Level,88 ,87 ,87 ,87 ,88 ,88 
Held Item,Yache Berry,Custap Berry,Focus Sash,Lum Berry,Black Sludge,Life Orb
Ability,Inner Focus,Sturdy,Dry Skin,Swift Swim,Rain Dish,Swift Swim
Nature,Naive,Quiet,Timid,Jolly,Timid,Naive
Moves,Dragon Claw,Thunder,Psychic,Stone Edge,Scald,Earth Power
,Hurricane,Flash Cannon,Freeze-Dry,Leech Life,Protect,Power Whip
,Hydro Pump,Explosion,Aura Sphere,Earthquake,Substitute,Sludge Bomb
,Thunder,Hidden Power Grass,Nasty Plot,Swords Dance,Toxic,Weather Ball
,Route 130,,,,,
Name,Swimmer♂ Rodney,,,,,
Pokémon,,,,,,
,Mantine,Gourgeist-Small,Drifblim,Masquerain,Blastoise,Pyukumuku
Level,89 ,88 ,88 ,88 ,89 ,90 
Held Item,Water Gem,Lum Berry,Focus Sash,Life Orb,Leftovers,Leftovers
Ability,Swift Swim,Insomnia,Aftermath,Intimidate,Rain Dish,Innards Out
Nature,Modest,Jolly,Naive,Timid,Calm,Calm
Moves,Hydro Pump,Power Whip,Shadow Ball,Bug Buzz,Scald,Double Team
,Hurricane,Poltergeist,Explosion,Air Slash,Body Press,Recover
,Ice Beam,Shadow Sneak,Weather Ball,Hydro Pump,Iron Defense,Soak
,Roost,Explosion,Thunder Wave,Stun Spore,Protect,Toxic
Name,Swimmer♀ Katie,,,,,
Pokémon,,,,,,
,Kingdra,Rotom-Mow,Toxicroak,Goodra,Durant,Drednaw
Level,89 ,88 ,88 ,88 ,88 ,89 
Held Item,Dragon Gem,Iapapa Berry,Life Orb,Leftovers,Bug Gem,Choice Band
Ability,Swift Swim,Levitate,Dry Skin,Hydration,Hustle,Swift Swim
Nature,Modest,Naive,Jolly,Impish,Jolly,Jolly
Moves,Hydro Pump,Thunder,Gunk Shot,Breaking Swipe,First Impression,Head Smash
,Dragon Pulse,Leaf Storm,Cross Chop,Aqua Tail,Iron Head,Liquidation
,Hurricane,Signal Beam,Sucker Punch,Curse,Leech Life,
,Ice Beam,Nasty Plot,Swords Dance,Rest,Rock Slide,
Name,Swimmer♂ Santiago [Optional],,,,,
Pokémon,,,,,,
,Zoroark-Hisui,Starmie,Dragonite,,,
Level,80 ,80 ,80 ,,,
Held Item,,,,,,
Ability,Illusion,Natural Cure,Inner Focus,,,
Nature,Bashful,Bashful,Bashful,,,
Moves,,,,,,
,,,,,,
,,,,,,
,,,,,,
,Route 131,,,,,
Name,Swimmer♂ Zappator,,,,,
Pokémon,,,,,,
,Overqwil,Talonflame,Slurpuff,Venusaur,Electivire,Slowking
Level,90 ,89 ,89 ,88 ,90 ,90 
Held Item,Lum Berry,Flying Gem,Fairy Gem,Focus Sash,Life Orb,Colbur Berry
Ability,Intimidate,Flame Body,Unburden,Chlorophyll,Vital Spirit,Regenerator
Nature,Jolly,Naive,Timid,Modest,Hasty,Modest
Moves,Throat Chop,Flare Blitz,Dazzling Gleam,Solar Beam,Wild Charge,Psychic
,Explosion,Acrobatics,Flamethrower,Earth Power,Earthquake,Flamethrower
,Spikes,Solar Beam,Psychic,Weather Ball,Ice Punch,Ice Beam
,Toxic Spikes,Roost,Calm Mind,Growth,Weather Ball,Grass Knot
Name,Triathlete Xayah,,,,,
Pokémon,,,,,,
,Komala,Charizard,Silvally-Ghost,Gliscor,Gastrodon,Primarina
Level,90 ,89 ,89 ,89 ,90 ,90 
Held Item,Chople Berry,Charcoal,Ghost Memory,Flying Gem,Rindo Berry,Leftovers
Ability,Comatose,Solar Power,RKS System,Hyper Cutter,Sticky Hold,Torrent
Nature,Adamant,Timid,Hasty,Jolly,Bold,Bold
Moves,Return,Flamethrower,Multi-Attack,Earthquake,Earth Power,Moonblast
,Wood Hammer,Flame Charge,Explosion,Acrobatics,Weather Ball,Psychic
,Earthquake,Solar Beam,Flamethrower,Roost,Recover,Weather Ball
,Play Rough,Roost,Grass Pledge,Swords Dance,Toxic,Calm Mind
Name,Sis And Bro Reli And Ian [Double],,,,,
Pokémon,,,,,,
,Victreebel,Aerodactyl,Cinderace,Mimikyu,Ursaluna,Sharpedo
Level,90 ,90 ,90 ,89 ,89 ,91 
Held Item,Focus Sash,Rock Gem,Iapapa Berry,Fairy Gem,Assault Vest,Life Orb
Ability,Chlorophyll,Unnerve,Libero,Disguise,Unnerve,Speed Boost
Nature,Lonely,Adamant,Jolly,Jolly,Sassy,Jolly
Moves,Solar Blade,Stone Edge,Pyro Ball,Play Rough,Return,Crunch
,Gunk Shot,Dual Wingbeat,Low Sweep,Shadow Claw,High Horsepower,Close Combat
,Weather Ball,Protect,Super Fang,Shadow Sneak,Stone Edge,Psychic Fangs
,Sleep Powder,Stealth Rock,Coaching,Swords Dance,Payback,Protect
Name,Swimmer♂ Herman,,,,,
Pokémon,,,,,,
,Araquanid,Eelektross,Scrafty,Metagross,Porygon-Z,Jellicent
Level,91 ,91 ,89 ,89 ,90 ,91 
Held Item,Coba Berry,Assault Vest,Life Orb,Iapapa Berry,Chople Berry,Mystic Water
Ability,Water Bubble,Levitate,Moxie,Clear Body,Analytic,Water Absorb
Nature,Adamant,Naive,Jolly,Jolly,Timid,Timid
Moves,Liquidation,Thunder,Close Combat,Meteor Mash,Tri Attack,Water Spout
,Leech Life,Aqua Tail,Crunch,Earthquake,Thunder,Scald
,Infestation,Sludge Bomb,Iron Tail,Thunder Punch,Dark Pulse,Shadow Ball
,Sticky Web,Super Fang,Dragon Dance,Power-Up Punch,Nasty Plot,Strength Sap
,Route 132,,,,,
Name,Swimmer♂ Richard [Optional],,,,,
Pokémon,,,,,,
,Octillery,Stunfisk,Reuniclus,,,
Level,80 ,80 ,80 ,,,
Held Item,,,,,,
Ability,Suction Cups,Static,Overcoat,,,
Nature,Bashful,Bashful,Bashful,,,
Moves,,,,,,
,,,,,,
,,,,,,
,,,,,,
Name,Swimmer♀ Kara [Optional],,,,,
Pokémon,,,,,,
,Gengar,Froslass,,,,
Level,80 ,80 ,,,,
Held Item,,,,,,
Ability,Cursed Body,Cursed Body,,,,
Nature,Bashful,Bashful,,,,
Moves,,,,,,
,,,,,,
,,,,,,
,,,,,,
Name,Swimmer♀ Susie [Optional],,,,,
Pokémon,,,,,,
,Gengar,Banette,,,,
Level,80 ,80 ,,,,
Held Item,,,,,,
Ability,Cursed Body,Insomnia,,,,
Nature,Bashful,Bashful,,,,
Moves,,,,,,
,,,,,,
,,,,,,
,,,,,,
Name,Fisherman Ronald [Optional],,,,,
Pokémon,,,,,,
,Froslass,Reuniclus,Barraskewda,Golisopod,Gyarados,
Level,80 ,80 ,80 ,80 ,80 ,
Held Item,,,,,,
Ability,Cursed Body,Overcoat,Swift Swim,Emergency Exit,Intimidate,
Nature,Bashful,Bashful,Bashful,Bashful,Bashful,
Moves,,,,,,
,,,,,,
,,,,,,
,,,,,,
Name,Expert Paxton [Optional],,,,,
Pokémon,,,,,,
,Staraptor,Breloom,Hawlucha,,,
Level,80 ,80 ,80 ,,,
Held Item,,,,,,
Ability,Intimidate,Effect Spore,Limber,,,
Nature,Bashful,Bashful,Bashful,,,
Moves,,,,,,
,,,,,,
,,,,,,
,,,,,,
Name,Cool Trainer Darcy [Optional],,,,,
Pokémon,,,,,,
,Turtonator,Gyarados,Eelektross,,,
Level,80 ,80 ,80 ,,,
Held Item,,,,,,
Ability,Shell Armor,Intimidate,Levitate,,,
Nature,Bashful,Bashful,Bashful,,,
Moves,,,,,,
,,,,,,
,,,,,,
,,,,,,
Name,Expert Makayla [Optional],,,,,
Pokémon,,,,,,
,Kecleon,Conkeldurr,Jellicent,,,
Level,80 ,80 ,80 ,,,
Held Item,,,,,,
Ability,Protean,Guts,Cursed Body,,,
Nature,Bashful,Bashful,Bashful,,,
Moves,,,,,,
,,,,,,
,,,,,,
,,,,,,
Name,Cool Trainer Jonathan [Optional],,,,,
Pokémon,,,,,,
,Overqwil,Kingdra,Dragalge,,,
Level,80 ,80 ,80 ,,,
Held Item,,,,,,
Ability,Intimidate,Swift Swim,Poison Point,,,
Nature,Bashful,Bashful,Bashful,,,
Moves,,,,,,
,,,,,,
,,,,,,
,,,,,,
Name,Black Belt Kiyo [Optional],,,,,
Pokémon,,,,,,
,Bewear,Mienshao,Sirfetch’d,Hitmonchan,Hitmonlee,Hitmontop
Level,80 ,80 ,80 ,80 ,80 ,80 
Held Item,,,,,,
Ability,Fluffy,Inner Focus,Inner Focus,Inner Focus,Limber,Intimidate
Nature,Bashful,Bashful,Bashful,Bashful,Bashful,Bashful
Moves,,,,,,
,,,,,,
,,,,,,
,,,,,,
Name,Swimmer♀ Dana [Optional],,,,,
Pokémon,,,,,,
,Togekiss,Milotic,Tsareena,Azumarill,Manectric,
Level,80 ,80 ,80 ,80 ,80 ,
Held Item,,,,,,
Ability,Super Luck,Marvel Scale,Sweet Veil,Thick Fat,Static,
Nature,Bashful,Bashful,Bashful,Bashful,Bashful,
Moves,,,,,,
,,,,,,
,,,,,,
,,,,,,
,Route 133,,,,,
Name,Swimmer♂ Franklin [Optional],,,,,
Pokémon,,,,,,
,Walrein,Dragapult,Electivire,,,
Level,80 ,80 ,80 ,,,
Held Item,,,,,,
Ability,Thick Fat,Clear Body,Vital Spirit,,,
Nature,Bashful,Bashful,Bashful,,,
Moves,,,,,,
,,,,,,
,,,,,,
,,,,,,
Name,Swimmer♀ Debra [Optional],,,,,
Pokémon,,,,,,
,Avalugg-Hisui,Hydreigon,Magmortar,,,
Level,80 ,80 ,80 ,,,
Held Item,,,,,,
Ability,Strong Jaw,Levitate,Flame Body,,,
Nature,Bashful,Bashful,Bashful,,,
Moves,,,,,,
,,,,,,
,,,,,,
,,,,,,
Name,Cool Trainer Warren [Optional],,,,,
Pokémon,,,,,,
,Golem-Alola,Ludicolo,Rhyperior,Noivern,Weavile,
Level,80 ,80 ,80 ,80 ,80 ,
Held Item,,,,,,
Ability,Magnet Pull,Swift Swim,Solid Rock,Frisk,Inner Focus,
Nature,Bashful,Bashful,Bashful,Bashful,Bashful,
Moves,,,,,,
,,,,,,
,,,,,,
,,,,,,
Name,Bird Keeper Beck [Optional],,,,,
Pokémon,,,,,,
,Electrode-Hisui,Ursaluna,Sharpedo,Pidgeot,Altaria,
Level,80 ,80 ,80 ,80 ,80 ,
Held Item,,,,,,
Ability,Aftermath,Guts,Rough Skin,Keen Eye,Natural Cure,
Nature,Bashful,Bashful,Bashful,Bashful,Bashful,
Moves,,,,,,
,,,,,,
,,,,,,
,,,,,,
Name,Expert Mollie & Expert Conor [Double],,,,,
Pokémon,,,,,,
,Gyarados,Weezing-Galar,Braviary,Manectric,Dugtrio,Gyarados-Mega
Level,90 ,90 ,90 ,90 ,90 ,90 
Held Item,Power Herb,Black Sludge,Iapapa Berry,Life Orb,Focus Sash,Gyaradosite
Ability,Intimidate,Levitate,Defiant,Lightning Rod,Arena Trap,Mold Breaker
Nature,Jolly,Timid,Jolly,Timid,Jolly,Jolly
Moves,Bounce,Sludge Bomb,Double-Edge,Thunderbolt,Earthquake,Crunch
,Waterfall,Strange Steam,Dual Wingbeat,Flamethrower,Stone Edge,Waterfall
,Power Whip,Fire Blast,Close Combat,Hidden Power Grass,Pursuit,Dragon Dance
,Icy Wind,Will-O-Wisp,Tailwind,Protect,Reversal,Protect
,Route 134,,,,,
Name,Sailor Hudson [Optional],,,,,
Pokémon,,,,,,
,Wailord,Clawitzer,Crawdaunt,Lanturn,,
Level,80 ,80 ,80 ,80 ,,
Held Item,,,,,,
Ability,Water Veil,Mega Launcher,Hyper Cutter,Volt Absorb,,
Nature,Bashful,Bashful,Bashful,Bashful,,
Moves,,,,,,
,,,,,,
,,,,,,
,,,,,,
Name,Battle Girl Reyna [Optional],,,,,
Pokémon,,,,,,
,Medicham,Sawk,Tauros,Miltank,,
Level,80 ,80 ,80 ,80 ,,
Held Item,,,,,,
Ability,Pure Power,Mold Breaker,Intimidate,Thick Fat,,
Nature,Bashful,Bashful,Bashful,Bashful,,
Moves,,,,,,
,,,,,,
,,,,,,
,,,,,,
Name,Black Belt Hitoshi [Optional],,,,,
Pokémon,,,,,,
,Toxicroak,Pangoro,Krookodile,Gliscor,,
Level,80 ,80 ,80 ,80 ,,
Held Item,,,,,,
Ability,Poison Touch,Iron Fist,Intimidate,Hyper Cutter,,
Nature,Bashful,Bashful,Bashful,Bashful,,
Moves,,,,,,
,,,,,,
,,,,,,
,,,,,,
Name,Swimmer♂ Jaiden [Optional],,,,,
Pokémon,,,,,,
,Jynx,Floatzel,Hatterene,,,
Level,80 ,80 ,80 ,,,
Held Item,,,,,,
Ability,Oblivious,Swift Swim,Synchronize,,,
Nature,Bashful,Bashful,Bashful,,,
Moves,,,,,,
,,,,,,
,,,,,,
,,,,,,
Name,Swimmer♀ Laurel [Optional],,,,,
Pokémon,,,,,,
,Masquerain,Gastrodon,Tentacruel,Probopass,,
Level,80 ,80 ,80 ,80 ,,
Held Item,,,,,,
Ability,Intimidate,Sticky Hold,Clear Body,Magnet Pull,,
Nature,Bashful,Bashful,Bashful,Bashful,,
Moves,,,,,,
,,,,,,
,,,,,,
,,,,,,
Name,Cool Trainer Marley [Optional],,,,,
Pokémon,,,,,,
,Manectric,Arcanine,Granbull,Lucario,,
Level,80 ,80 ,80 ,80 ,,
Held Item,,,,,,
Ability,Static,Intimidate,Intimidate,Steadfast,,
Nature,Bashful,Bashful,Bashful,Bashful,,
Moves,,,,,,
,,,,,,
,,,,,,
,,,,,,
Name,Dragon Tamer Aaron [Optional],,,,,
Pokémon,,,,,,
,Salamence,Dragonite,Zoroark,Aerodactyl,Dhelmise,
Level,80 ,80 ,80 ,80 ,80 ,
Held Item,,,,,,
Ability,Intimidate,Inner Focus,Dark Aura,Rock Head,Steelworker,
Nature,Bashful,Bashful,Bashful,Bashful,Bashful,
Moves,,,,,,
,,,,,,
,,,,,,
,,,,,,
Name,Bird Keeper Alex [Optional],,,,,
Pokémon,,,,,,
,Xatu,Glalie,Boltund,Jellicent,Greninja,
Level,80 ,80 ,80 ,80 ,80 ,
Held Item,,,,,,
Ability,Synchronize,Inner Focus,Strong Jaw,Cursed Body,Torrent,
Nature,Bashful,Bashful,Bashful,Bashful,Bashful,
Moves,,,,,,
,,,,,,
,,,,,,
,,,,,,
Name,Sailor Kelvin [Optional],,,,,
Pokémon,,,,,,
,Yanmega,Slowking,Weezing-Galar,Muk-Alola,Carracosta,
Level,80 ,80 ,80 ,80 ,80 ,
Held Item,,,,,,
Ability,Tinted Lens,Oblivious,Levitate,Poison Touch,Solid Rock,
Nature,Bashful,Bashful,Bashful,Bashful,Bashful,
Moves,,,,,,
,,,,,,
,,,,,,
,,,,,,
,Sootopolis Gym,,,,,
Name,Lass Andrea & Beauty Connie [Double],,,,,
Pokémon,,,,,,
,Inteleon,Kangaskhan,Decidueye-Hisui,Tsareena,Toxicroak,Milotic
Level,91 ,90 ,90 ,90 ,90 ,91 
Held Item,Light Clay,Weakness Policy,White Herb,Sitrus Berry,Focus Sash,Lum Berry
Ability,Torrent,Scrappy,Overgrow,Queenly Majesty,Dry Skin,Competitive
Nature,Timid,Jolly,Naive,Jolly,Naive,Bold
Moves,Muddy Water,Body Slam,Leaf Storm,Power Whip,Focus Blast,Muddy Water
,Icy Wind,Aqua Tail,Close Combat,Triple Axel,Gunk Shot,Icy Wind
,Light Screen,Icy Wind,Leaf Blade,Acupressure,Stone Edge,Hypnosis
,Reflect,Fake Out,Knock Off,Protect,Acupressure,Recover
Name,Beauty Bridget,,,,,
Pokémon,,,,,,
,Clefable,Greninja,Sandslash-Alola,Floatzel,Goodra-Hisui,
Level,91 ,90 ,90 ,90 ,91 ,
Held Item,Life Orb,Lum Berry,Life Orb,Expert Belt,Leftovers,
Ability,Magic Guard,Protean,Slush Rush,Water Veil,Shell Armor,
Nature,Timid,Hasty,Jolly,Timid,Impish,
Moves,Blizzard,Blizzard,Iron Head,Hydro Pump,Dragon Tail,
,Fire Blast,Low Kick,Triple Axel,Blizzard,Heavy Slam,
,Psychic,Spikes,Earthquake,Focus Blast,Earthquake,
,Stealth Rock,Toxic Spikes,Stealth Rock,Taunt,Curse,
Name,Lady Daphne,,,,,
Pokémon,,,,,,
,Ribombee,Bruxish,Primarina,Samurott-Hisui,Dragapult,Roserade
Level,90 ,91 ,91 ,91 ,89 ,90 
Held Item,Focus Sash,Tanga Berry,Kebia Berry,Chople Berry,Power Herb,Life Orb
Ability,Shield Dust,Strong Jaw,Liquid Voice,Shell Armor,Clear Body,Technician
Nature,Timid,Jolly,Timid,Jolly,Adamant,Timid
Moves,Moonblast,Liquidation,Hyper Voice,Liquidation,Dragon Darts,Sludge Bomb
,Bug Buzz,Psychic Fangs,Draining Kiss,Knock Off,Phantom Force,Grass Knot
,Psychic,Crunch,Psychic,Sacred Sword,Aqua Tail,Extrasensory
,Sticky Web,Swords Dance,Calm Mind,Swords Dance,Infestation,Sleep Powder
Name,Pokéfan Bethany,,,,,
Pokémon,,,,,,
,Politoed,Copperajah,Seismitoad,Overqwil,Electrode-Hisui,Feraligatr
Level,91 ,90 ,90 ,90 ,90 ,91 
Held Item,Eject Button,Iapapa Berry,Focus Sash,Lum Berry,Life Orb,Life Orb
Ability,Drizzle,Sheer Force,Swift Swim,Swift Swim,Static,Sheer Force
Nature,Timid,Adamant,Rash,Adamant,Rash,Jolly
Moves,Hydro Pump,Iron Head,Earth Power,Gunk Shot,Thunder,Liquidation
,Focus Blast,Earthquake,Power Whip,Throat Chop,Energy Ball,Crunch
,Psychic,Rock Slide,Sludge Bomb,Liquidation,Explosion,Ice Punch
,Hypnosis,Stealth Rock,Weather Ball,Destiny Bond,Hidden Power Ice,Dragon Dance
Name,Lass Crissy,,,,,
Pokémon,,,,,,
,Pincurchin,Silvally-Grass,Hydreigon,Raichu-Alola,Slowking-Galar,Clawitzer
Level,91 ,90 ,90 ,90 ,90 ,91 
Held Item,Custap Berry,Grass Memory,Life Orb,Focus Sash,Electric Seed,Leftovers
Ability,Electric Surge,RKS System,Levitate,Surge Surfer,Regenerator,Mega Launcher
Nature,Brave,Naive,Naive,Modest,Bold,Timid
Moves,Rising Voltage,Multi-Attack,Draco Meteor,Rising Voltage,Psychic,Water Pulse
,Self-Destruct,Terrain Pulse,Earthquake,Surf,Scald,Aura Sphere
,Hydro Pump,Ice Beam,Iron Tail,Grass Knot,Calm Mind,Dark Pulse
,Toxic Spikes,Work Up,Aqua Tail,Nasty Plot,Slack Off,Terrain Pulse
Name,Lady Brianna,,,,,
Pokémon,,,,,,
,Kabutops,Gothitelle,Accelgor,Togedemaru,Whiscash,
Level,89 ,88 ,88 ,88 ,89 ,
Held Item,Focus Sash,Psychic Gem,Life Orb,Salac Berry,Rindo Berry,
Ability,Weak Armor,Shadow Tag,Sticky Hold,Sturdy,Oblivious,
Nature,Jolly,Timid,Timid,Jolly,Jolly,
Moves,Stone Edge,Psychic,Bug Buzz,Iron Tail,Earthquake,
,Liquidation,Thunderbolt,Focus Blast,Zing Zap,Waterfall,
,Metal Sound,Signal Beam,Energy Ball,Flail,Zen Headbutt,
,Stealth Rock,Hypnosis,Spikes,Endeavor,Dragon Dance,
Name,Lass Pearl,,,,,
Pokémon,,,,,,
,Cryogonal,Sigilyph,Electivire,Walrein,Beartic,
Level,90 ,89 ,88 ,89 ,89 ,
Held Item,Light Clay,Weakness Policy,Expert Belt,Leftovers,Ice Gem,
Ability,Levitate,Magic Guard,Vital Spirit,Ice Body,Slush Rush,
Nature,Naive,Timid,Timid,Timid,Jolly,
Moves,Blizzard,Air Slash,Thunderbolt,Blizzard,Icicle Crash,
,Freeze-Dry,Stored Power,Focus Blast,Scald,Liquidation,
,Explosion,Calm Mind,Weather Ball,Freeze-Dry,Low Kick,
,Aurora Veil,Roost,Magnet Rise,Substitute,Swords Dance,
Name,Beauty Tiffany & Beauty Olivia [Double],,,,,
Pokémon,,,,,,
,Empoleon,Kommo-o,Mamoswine,Mr. Rime,Mandibuzz,Arctovish
Level,90 ,89 ,90 ,90 ,89 ,90 
Held Item,Safety Goggles,Throat Spray,Focus Sash,Focus Sash,Rocky Helmet,Water Gem
Ability,Torrent,Overcoat,Oblivious,Ice Body,Overcoat,Water Absorb
Nature,Timid,Timid,Hasty,Timid,Timid,Naive
Moves,Hydro Pump,Clanging Scales,Blizzard,Blizzard,Foul Play,Blizzard
,Flash Cannon,Aura Sphere,High Horsepower,Psychic,Dark Pulse,Fishious Rend
,Grass Knot,Flash Cannon,Freeze-Dry,Icy Wind,Fake Tears,Freeze-Dry
,Sing,Protect,Ice Shard,Fake Out,Tailwind,Stone Edge
Name,Leader Juan [Double] [Boss],,,,,
Pokémon,,,,,,
,Sneasler,Glalie-Mega,Keldeo,Salamence,Basculegion,Glastrier
Level,91 ,93 ,92 ,91 ,92 ,92 
Held Item,Focus Sash,Glalitite,Lum Berry,Yache Berry,Water Gem,Assault Vest
Ability,Poison Touch,Refrigerate,Justified,Intimidate,Adaptability,Chilling Neigh
Nature,Jolly,Hasty,Timid,Hasty,Jolly,Jolly
Moves,Close Combat,Blizzard,Hydro Pump,Dragon Rush,Aqua Tail,Glacial Lance
,Poison Jab,Freeze-Dry,Secret Sword,Dual Wingbeat,Spirit Shackle,High Horsepower
,Icy Wind,Return,Muddy Water,Fire Blast,Aqua Jet,Body Press
,Fake Out,Protect,Coaching,Tailwind,Protect,Facade